entity_id,entity_type,entity_role,department,primary_geo,secondary_geo,work_hours_start,work_hours_end,work_days,known_devices,typical_resources,typical_auth_method,avg_session_duration,avg_bytes_per_session,onboarding_date
USR-0026,user,employee,Operations,"New York, US",,9,18,"[0, 1, 2, 3, 4]",['fp-2ed856b2'],"['/mail/sent', '/mail/attachments', '/mail/compose', '/docs/team-wiki', '/intranet/directory', '/docs/shared', '/docs/templates']",sso,3600,25000,2025-01-12
SVC-0158,service_account,service,Automated Services,"San Francisco, US",,0,23,"[0, 1, 2, 3, 4, 5, 6]",['fp-3ecd31c1'],"['/docs/team-wiki', '/docs/templates', '/infra/ad-config']",token,30,5000,2025-07-02
SVC-0173,service_account,service,Automated Services,"Bangalore, IN",,0,23,"[0, 1, 2, 3, 4, 5, 6]",['fp-d389f9e9'],"['/infra/firewall-rules', '/infra/ad-config', '/infra/vpn-gateway']",token,30,5000,2025-10-29
USR-0090,user,developer,Engineering,"Pune, IN","Sydney, AU",8,22,"[0, 1, 2, 3, 4, 5]","['fp-a906ded7', 'fp-3124b36d']","['/staging/api-v2', '/git/repo-ml-pipeline', '/git/repo-backend', '/ci/pipeline-test', '/ci/pipeline-deploy', '/ci/pipeline-build', '/intranet/policies', '/portal/dashboard']",token,5400,500000,2025-02-22
USR-0103,user,hr,Human Resources,"Chennai, IN",,9,17,"[0, 1, 2, 3, 4]",['fp-15000016'],"['/hr/onboarding', '/hr/leave-management', '/hr/payroll-view', '/hr/performance-reviews', '/mail/compose', '/mail/calendar']",sso,2400,50000,2025-08-26
USR-0092,user,developer,Engineering,"Chennai, IN","Pune, IN",8,22,"[0, 1, 2, 3, 4, 5]","['fp-653b6c22', 'fp-fa1e9044']","['/staging/api-v2', '/git/repo-mobile', '/git/repo-infra', '/ci/pipeline-build', '/ci/pipeline-test', '/staging/api-v3', '/portal/announcements', '/docs/shared']",token,5400,500000,2026-03-27
SVC-0175,service_account,service,Automated Services,"Frankfurt, DE",,0,23,"[0, 1, 2, 3, 4, 5, 6]",['fp-e1e20cfc'],"['/portal/announcements', '/infra/load-balancer', '/docs/templates']",token,30,5000,2025-11-22
SVC-0174,service_account,service,Automated Services,"Frankfurt, DE",,0,23,"[0, 1, 2, 3, 4, 5, 6]",['fp-4068a958'],"['/portal/dashboard', '/infra/backup-config', '/portal/announcements']",token,30,5000,2025-05-23
USR-0100,user,hr,Human Resources,"New York, US",,9,17,"[0, 1, 2, 3, 4]",['fp-0af49486'],"['/hr/payroll-view', '/hr/recruitment-portal', '/hr/employee-records', '/hr/onboarding', '/mail/calendar', '/mail/compose']",sso,2400,50000,2025-01-14
USR-0147,user,admin,IT Infrastructure,"Ahmedabad, IN","Chennai, IN",0,23,"[0, 1, 2, 3, 4, 5, 6]","['fp-b2427681', 'fp-56d96354', 'fp-805e5f9e', 'fp-381842d3']","['/infra/k8s-cluster', '/infra/certificate-manager', '/infra/backup-config', '/infra/server-monitoring', '/infra/docker-registry', '/infra/dns-config', '/admin/system-settings', '/admin/user-management', '/admin/security-policies', '/admin/audit-trail']",certificate,1800,500000,2026-03-13
USR-0073,user,developer,Engineering,"Singapore, SG","Delhi, IN",8,22,"[0, 1, 2, 3, 4, 5]","['fp-6c601233', 'fp-7c495f0d']","['/git/repo-frontend', '/ci/pipeline-deploy', '/staging/api-v3', '/git/repo-ml-pipeline', '/ci/pipeline-test', '/git/repo-infra', '/portal/announcements', '/portal/dashboard']",token,5400,500000,2025-01-09
USR-0012,user,employee,Operations,"San Francisco, US",,9,18,"[0, 1, 2, 3, 4]",['fp-456c3dc4'],"['/mail/attachments', '/mail/inbox', '/mail/compose', '/intranet/directory', '/intranet/policies', '/docs/shared', '/portal/announcements']",sso,3600,25000,2025-06-12
USR-0128,user,finance,Finance,"Pune, IN",,9,18,"[0, 1, 2, 3, 4]",['fp-2652190a'],"['/finance/erp-dashboard', '/finance/budget-planning', '/api/finance/quarterly-report', '/finance/audit-logs', '/api/payroll/export', '/mail/inbox', '/mail/attachments']",password,3000,200000,2025-01-14
USR-0053,user,employee,Operations,"Tokyo, JP",,9,18,"[0, 1, 2, 3, 4]",['fp-fc43e858'],"['/mail/compose', '/mail/inbox', '/mail/sent', '/docs/shared', '/portal/announcements', '/portal/dashboard', '/intranet/policies']",sso,3600,25000,2025-05-07
SVC-0162,service_account,service,Automated Services,"Singapore, SG",,0,23,"[0, 1, 2, 3, 4, 5, 6]",['fp-f6b81a92'],"['/infra/backup-config', '/infra/ad-config', '/infra/server-monitoring']",token,30,5000,2025-11-15
SVC-0180,service_account,service,Automated Services,"Frankfurt, DE",,0,23,"[0, 1, 2, 3, 4, 5, 6]",['fp-d82fe6ca'],"['/intranet/directory', '/infra/ad-config', '/infra/dns-config']",token,30,5000,2025-08-30
USR-0132,user,admin,IT Infrastructure,"Sydney, AU","Chennai, IN",0,23,"[0, 1, 2, 3, 4, 5, 6]","['fp-c29df27d', 'fp-1f33f5e5', 'fp-875983fd']","['/infra/k8s-cluster', '/infra/ad-config', '/infra/backup-config', '/infra/vpn-gateway', '/infra/docker-registry', '/infra/dns-config', '/admin/license-management', '/admin/user-management', '/admin/audit-trail', '/admin/security-policies']",certificate,1800,500000,2025-08-06
USR-0035,user,employee,Operations,"Pune, IN",,9,18,"[0, 1, 2, 3, 4]","['fp-ab716214', 'fp-19754981']","['/mail/calendar', '/mail/inbox', '/mail/compose', '/intranet/policies', '/docs/shared', '/docs/templates', '/portal/dashboard']",sso,3600,25000,2025-10-28
USR-0111,user,finance,Finance,"New York, US",,9,18,"[0, 1, 2, 3, 4]",['fp-84d69d97'],"['/finance/invoices', '/finance/tax-reports', '/finance/audit-logs', '/finance/erp-dashboard', '/api/finance/quarterly-report', '/mail/sent', '/mail/attachments']",password,3000,200000,2025-07-28
USR-0133,user,admin,IT Infrastructure,"Bangalore, IN","Kolkata, IN",0,23,"[0, 1, 2, 3, 4, 5, 6]","['fp-62efcde2', 'fp-2698bfff', 'fp-7039774a']","['/infra/dns-config', '/infra/certificate-manager', '/infra/server-monitoring', '/infra/ad-config', '/infra/vpn-gateway', '/infra/k8s-cluster', '/admin/license-management', '/admin/system-settings', '/admin/audit-trail', '/admin/access-control']",certificate,1800,500000,2025-11-30
USR-0140,user,admin,IT Infrastructure,"Dubai, AE","Pune, IN",0,23,"[0, 1, 2, 3, 4, 5, 6]","['fp-fdbab261', 'fp-f26a88f3', 'fp-f5ecf352', 'fp-e12e0237']","['/infra/ad-config', '/infra/load-balancer', '/infra/certificate-manager', '/infra/vpn-gateway', '/infra/docker-registry', '/infra/dns-config', '/admin/access-control', '/admin/audit-trail', '/admin/system-settings', '/admin/security-policies']",certificate,1800,500000,2025-06-02
SVC-0157,service_account,service,Automated Services,"Mumbai, IN",,0,23,"[0, 1, 2, 3, 4, 5, 6]",['fp-ec706873'],"['/infra/ad-config', '/infra/vpn-gateway', '/infra/dns-config']",token,30,5000,2025-06-30
USR-0024,user,employee,Operations,"San Francisco, US",,9,18,"[0, 1, 2, 3, 4]",['fp-350b7345'],"['/mail/inbox', '/mail/sent', '/mail/attachments', '/portal/dashboard', '/docs/shared', '/docs/templates', '/portal/announcements']",sso,3600,25000,2025-09-30
USR-0001,user,employee,Operations,"Hyderabad, IN",,9,18,"[0, 1, 2, 3, 4]",['fp-7513c2e5'],"['/mail/calendar', '/mail/inbox', '/mail/compose', '/portal/dashboard', '/docs/shared', '/intranet/directory', '/portal/announcements']",sso,3600,25000,2025-03-19
USR-0072,user,developer,Engineering,"Kolkata, IN","San Francisco, US",8,22,"[0, 1, 2, 3, 4, 5]","['fp-b433c91f', 'fp-ad2cbbfc']","['/staging/api-v3', '/git/repo-frontend', '/staging/api-v2', '/git/repo-backend', '/git/repo-infra', '/ci/pipeline-deploy', '/intranet/policies', '/docs/team-wiki']",token,5400,500000,2025-07-07
USR-0120,user,finance,Finance,"Delhi, IN",,9,18,"[0, 1, 2, 3, 4]",['fp-886310ee'],"['/finance/tax-reports', '/finance/budget-planning', '/finance/invoices', '/finance/erp-dashboard', '/finance/audit-logs', '/mail/calendar', '/mail/compose']",password,3000,200000,2025-02-11
USR-0093,user,developer,Engineering,"Chennai, IN","Bangalore, IN",8,22,"[0, 1, 2, 3, 4, 5]","['fp-ec8b2b8f', 'fp-bb5c783f']","['/staging/api-v2', '/git/repo-mobile', '/staging/api-v3', '/git/repo-ml-pipeline', '/git/repo-backend', '/ci/pipeline-deploy', '/docs/templates', '/portal/dashboard']",token,5400,500000,2025-11-02
DEV-0200,edge_device,device,IoT Operations,"Bangalore, IN",,0,23,"[0, 1, 2, 3, 4, 5, 6]",['fp-8a458fe9'],"['/infra/server-monitoring', '/infra/k8s-cluster']",certificate,15,2000,2025-11-14
USR-0101,user,hr,Human Resources,"Mumbai, IN",,9,17,"[0, 1, 2, 3, 4]",['fp-a6af9079'],"['/hr/onboarding', '/hr/performance-reviews', '/hr/leave-management', '/hr/employee-records', '/mail/sent', '/mail/inbox']",sso,2400,50000,2025-10-07
USR-0080,user,developer,Engineering,"Pune, IN","Frankfurt, DE",8,22,"[0, 1, 2, 3, 4, 5]","['fp-d31c06a9', 'fp-1be8c44f', 'fp-3b8e22d6']","['/staging/api-v3', '/ci/pipeline-test', '/staging/api-v2', '/ci/pipeline-deploy', '/git/repo-infra', '/git/repo-ml-pipeline', '/portal/announcements', '/intranet/policies']",token,5400,500000,2025-09-11
SVC-0151,service_account,service,Automated Services,"Frankfurt, DE",,0,23,"[0, 1, 2, 3, 4, 5, 6]",['fp-6c19295f'],"['/infra/certificate-manager', '/infra/docker-registry', '/intranet/directory']",token,30,5000,2025-03-25
USR-0075,user,developer,Engineering,"Singapore, SG","San Francisco, US",8,22,"[0, 1, 2, 3, 4, 5]","['fp-d9d12200', 'fp-6b954243', 'fp-db79785e']","['/ci/pipeline-test', '/staging/api-v3', '/ci/pipeline-build', '/ci/pipeline-deploy', '/staging/api-v2', '/git/repo-infra', '/docs/team-wiki', '/portal/dashboard']",token,5400,500000,2025-04-20
USR-0011,user,employee,Operations,"Ahmedabad, IN",,9,18,"[0, 1, 2, 3, 4]","['fp-afc6a6d2', 'fp-a13e70a5']","['/mail/attachments', '/mail/sent', '/mail/compose', '/docs/team-wiki', '/intranet/directory', '/portal/announcements', '/portal/dashboard']",sso,3600,25000,2025-04-04
USR-0138,user,admin,IT Infrastructure,"Chennai, IN","Kolkata, IN",0,23,"[0, 1, 2, 3, 4, 5, 6]","['fp-307714d0', 'fp-f2b7bfac', 'fp-b73ff5fe', 'fp-bd42b690']","['/infra/firewall-rules', '/infra/dns-config', '/infra/certificate-manager', '/infra/k8s-cluster', '/infra/load-balancer', '/infra/docker-registry', '/admin/license-management', '/admin/access-control', '/admin/security-policies', '/admin/audit-trail']",certificate,1800,500000,2025-09-12
USR-0095,user,developer,Engineering,"Hyderabad, IN","Mumbai, IN",8,22,"[0, 1, 2, 3, 4, 5]","['fp-109f303e', 'fp-766e2679']","['/ci/pipeline-test', '/staging/api-v3', '/git/repo-mobile', '/git/repo-ml-pipeline', '/git/repo-frontend', '/ci/pipeline-build', '/portal/dashboard', '/portal/announcements']",token,5400,500000,2025-08-01
USR-0145,user,admin,IT Infrastructure,"New York, US","Bangalore, IN",0,23,"[0, 1, 2, 3, 4, 5, 6]","['fp-99f6064c', 'fp-9c1eb472', 'fp-7a419a33', 'fp-81f95669']","['/infra/docker-registry', '/infra/firewall-rules', '/infra/ad-config', '/infra/backup-config', '/infra/load-balancer', '/infra/certificate-manager', '/admin/system-settings', '/admin/access-control', '/admin/license-management', '/admin/user-management']",certificate,1800,500000,2025-10-18
USR-0048,user,employee,Operations,"Sydney, AU",,9,18,"[0, 1, 2, 3, 4]","['fp-2d07e976', 'fp-1dee6746']","['/mail/compose', '/mail/attachments', '/mail/calendar', '/docs/shared', '/portal/dashboard', '/intranet/policies', '/docs/templates']",sso,3600,25000,2025-10-04
DEV-0196,edge_device,device,IoT Operations,"Bangalore, IN",,0,23,"[0, 1, 2, 3, 4, 5, 6]",['fp-a9ce101d'],"['/infra/load-balancer', '/infra/firewall-rules']",certificate,15,2000,2025-06-29
DEV-0197,edge_device,device,IoT Operations,"Frankfurt, DE",,0,23,"[0, 1, 2, 3, 4, 5, 6]",['fp-3d762ad0'],"['/infra/server-monitoring', '/infra/vpn-gateway']",certificate,15,2000,2025-03-11
USR-0042,user,employee,Operations,"Singapore, SG",,9,18,"[0, 1, 2, 3, 4]",['fp-5e8dc864'],"['/mail/attachments', '/mail/calendar', '/mail/inbox', '/portal/announcements', '/intranet/directory', '/docs/shared', '/docs/team-wiki']",sso,3600,25000,2025-02-17
USR-0055,user,employee,Operations,"New York, US",,9,18,"[0, 1, 2, 3, 4]",['fp-3687a173'],"['/mail/compose', '/mail/inbox', '/mail/attachments', '/docs/templates', '/docs/shared', '/intranet/policies', '/portal/announcements']",sso,3600,25000,2025-09-19
USR-0013,user,employee,Operations,"Hyderabad, IN",,9,18,"[0, 1, 2, 3, 4]",['fp-840f5c37'],"['/mail/compose', '/mail/attachments', '/mail/inbox', '/intranet/policies', '/docs/shared', '/portal/dashboard', '/intranet/directory']",sso,3600,25000,2025-03-01
USR-0032,user,employee,Operations,"Tokyo, JP",,9,18,"[0, 1, 2, 3, 4]",['fp-4b742e86'],"['/mail/inbox', '/mail/calendar', '/mail/compose', '/portal/dashboard', '/docs/team-wiki', '/intranet/policies', '/intranet/directory']",sso,3600,25000,2025-05-22
USR-0051,user,employee,Operations,"San Francisco, US",,9,18,"[0, 1, 2, 3, 4]","['fp-ea493429', 'fp-b97db645']","['/mail/calendar', '/mail/compose', '/mail/inbox', '/docs/templates', '/intranet/directory', '/intranet/policies', '/portal/dashboard']",sso,3600,25000,2025-04-18
USR-0070,user,developer,Engineering,"Mumbai, IN","Singapore, SG",8,22,"[0, 1, 2, 3, 4, 5]","['fp-7378234f', 'fp-8c6074f9']","['/ci/pipeline-deploy', '/git/repo-backend', '/git/repo-infra', '/ci/pipeline-build', '/staging/api-v3', '/git/repo-frontend', '/docs/shared', '/intranet/directory']",token,5400,500000,2025-05-24
SVC-0179,service_account,service,Automated Services,"Mumbai, IN",,0,23,"[0, 1, 2, 3, 4, 5, 6]",['fp-57c75d2f'],"['/intranet/directory', '/infra/k8s-cluster', '/infra/dns-config']",token,30,5000,2025-09-06
USR-0008,user,employee,Operations,"Hyderabad, IN",,9,18,"[0, 1, 2, 3, 4]","['fp-78e7882f', 'fp-bdd55258']","['/mail/calendar', '/mail/sent', '/mail/inbox', '/docs/templates', '/docs/team-wiki', '/portal/announcements', '/docs/shared']",sso,3600,25000,2025-03-27
USR-0141,user,admin,IT Infrastructure,"Mumbai, IN","London, GB",0,23,"[0, 1, 2, 3, 4, 5, 6]","['fp-64521140', 'fp-45a99298', 'fp-36425ffb', 'fp-7ee7f305']","['/infra/dns-config', '/infra/certificate-manager', '/infra/server-monitoring', '/infra/k8s-cluster', '/infra/docker-registry', '/infra/load-balancer', '/admin/security-policies', '/admin/user-management', '/admin/system-settings', '/admin/audit-trail']",certificate,1800,500000,2025-04-29
USR-0084,user,developer,Engineering,"Mumbai, IN","Dubai, AE",8,22,"[0, 1, 2, 3, 4, 5]","['fp-65a9f33b', 'fp-8f51b0b2']","['/git/repo-backend', '/staging/api-v2', '/ci/pipeline-build', '/git/repo-frontend', '/git/repo-mobile', '/ci/pipeline-test', '/portal/announcements', '/intranet/policies']",token,5400,500000,2025-05-17
USR-0114,user,finance,Finance,"Sydney, AU",,9,18,"[0, 1, 2, 3, 4]",['fp-2cfe4ce2'],"['/api/finance/quarterly-report', '/api/payroll/export', '/finance/budget-planning', '/finance/invoices', '/finance/audit-logs', '/mail/calendar', '/mail/inbox']",password,3000,200000,2025-03-07
USR-0060,user,employee,Operations,"Chennai, IN",,9,18,"[0, 1, 2, 3, 4]","['fp-5eb37ab4', 'fp-7fdb6582']","['/mail/compose', '/mail/calendar', '/mail/inbox', '/portal/dashboard', '/docs/shared', '/docs/team-wiki', '/portal/announcements']",sso,3600,25000,2025-05-13
USR-0062,user,developer,Engineering,"San Francisco, US","Delhi, IN",8,22,"[0, 1, 2, 3, 4, 5]","['fp-0134b7a6', 'fp-f8d432f9']","['/staging/api-v2', '/ci/pipeline-deploy', '/git/repo-infra', '/git/repo-ml-pipeline', '/ci/pipeline-build', '/git/repo-frontend', '/intranet/policies', '/portal/dashboard']",token,5400,500000,2025-07-12
USR-0115,user,finance,Finance,"Dubai, AE",,9,18,"[0, 1, 2, 3, 4]",['fp-bb6747d7'],"['/finance/tax-reports', '/finance/budget-planning', '/api/payroll/export', '/finance/invoices', '/finance/audit-logs', '/mail/compose', '/mail/attachments']",password,3000,200000,2025-08-19
USR-0124,user,finance,Finance,"Bangalore, IN",,9,18,"[0, 1, 2, 3, 4]",['fp-98e614f3'],"['/finance/erp-dashboard', '/api/payroll/export', '/api/finance/quarterly-report', '/finance/invoices', '/finance/budget-planning', '/mail/attachments', '/mail/sent']",password,3000,200000,2025-06-15
USR-0143,user,admin,IT Infrastructure,"London, GB","Frankfurt, DE",0,23,"[0, 1, 2, 3, 4, 5, 6]","['fp-64c7a646', 'fp-cb762494', 'fp-ea3197fe']","['/infra/server-monitoring', '/infra/k8s-cluster', '/infra/ad-config', '/infra/vpn-gateway', '/infra/firewall-rules', '/infra/backup-config', '/admin/system-settings', '/admin/security-policies', '/admin/audit-trail', '/admin/license-management']",certificate,1800,500000,2026-03-14
USR-0117,user,finance,Finance,"Bangalore, IN",,9,18,"[0, 1, 2, 3, 4]","['fp-170daaf1', 'fp-41fbfc3b']","['/api/finance/quarterly-report', '/api/payroll/export', '/finance/tax-reports', '/finance/audit-logs', '/finance/erp-dashboard', '/mail/calendar', '/mail/sent']",password,3000,200000,2025-06-07
USR-0102,user,hr,Human Resources,"Kolkata, IN",,9,17,"[0, 1, 2, 3, 4]",['fp-82c6ac21'],"['/hr/leave-management', '/hr/onboarding', '/hr/recruitment-portal', '/hr/payroll-view', '/mail/calendar', '/mail/attachments']",sso,2400,50000,2025-11-01
USR-0144,user,admin,IT Infrastructure,"Frankfurt, DE","Ahmedabad, IN",0,23,"[0, 1, 2, 3, 4, 5, 6]","['fp-add83590', 'fp-54c4f54b', 'fp-dbdf2a9d', 'fp-145c2361']","['/infra/dns-config', '/infra/docker-registry', '/infra/firewall-rules', '/infra/ad-config', '/infra/certificate-manager', '/infra/vpn-gateway', '/admin/system-settings', '/admin/user-management', '/admin/license-management', '/admin/security-policies']",certificate,1800,500000,2025-09-26
DEV-0193,edge_device,device,IoT Operations,"Mumbai, IN",,0,23,"[0, 1, 2, 3, 4, 5, 6]",['fp-a7d13369'],"['/infra/ad-config', '/infra/k8s-cluster']",certificate,15,2000,2025-11-17
USR-0074,user,developer,Engineering,"San Francisco, US","Chennai, IN",8,22,"[0, 1, 2, 3, 4, 5]","['fp-e51d1bb5', 'fp-97a801bd']","['/git/repo-ml-pipeline', '/ci/pipeline-deploy', '/staging/api-v2', '/git/repo-mobile', '/git/repo-frontend', '/staging/api-v3', '/intranet/policies', '/docs/templates']",token,5400,500000,2025-08-11
USR-0043,user,employee,Operations,"New York, US",,9,18,"[0, 1, 2, 3, 4]",['fp-5dac0e53'],"['/mail/attachments', '/mail/calendar', '/mail/sent', '/docs/templates', '/portal/announcements', '/portal/dashboard', '/intranet/policies']",sso,3600,25000,2025-11-02
USR-0087,user,developer,Engineering,"San Francisco, US","Delhi, IN",8,22,"[0, 1, 2, 3, 4, 5]","['fp-19595b40', 'fp-15dddaf7']","['/ci/pipeline-deploy', '/git/repo-infra', '/ci/pipeline-test', '/staging/api-v2', '/git/repo-ml-pipeline', '/git/repo-frontend', '/intranet/directory', '/docs/templates']",token,5400,500000,2025-04-24
USR-0066,user,developer,Engineering,"Delhi, IN","Tokyo, JP",8,22,"[0, 1, 2, 3, 4, 5]","['fp-f42b8dfa', 'fp-333ee19f']","['/ci/pipeline-test', '/git/repo-backend', '/staging/api-v2', '/git/repo-infra', '/git/repo-mobile', '/staging/api-v3', '/docs/shared', '/docs/team-wiki']",token,5400,500000,2025-01-12
SVC-0176,service_account,service,Automated Services,"Frankfurt, DE",,0,23,"[0, 1, 2, 3, 4, 5, 6]",['fp-4a966090'],"['/infra/backup-config', '/infra/load-balancer', '/infra/ad-config']",token,30,5000,2025-02-01
USR-0027,user,employee,Operations,"Singapore, SG",,9,18,"[0, 1, 2, 3, 4]","['fp-f88596c2', 'fp-4a6f394c']","['/mail/attachments', '/mail/sent', '/mail/compose', '/intranet/directory', '/portal/dashboard', '/intranet/policies', '/portal/announcements']",sso,3600,25000,2025-01-01
USR-0020,user,employee,Operations,"Bangalore, IN",,9,18,"[0, 1, 2, 3, 4]",['fp-5de59b26'],"['/mail/compose', '/mail/sent', '/mail/calendar', '/portal/dashboard', '/portal/announcements', '/intranet/policies', '/docs/shared']",sso,3600,25000,2025-09-17
USR-0061,user,developer,Engineering,"Dubai, AE","Delhi, IN",8,22,"[0, 1, 2, 3, 4, 5]","['fp-19d7be53', 'fp-ff43aef8']","['/ci/pipeline-test', '/git/repo-frontend', '/ci/pipeline-build', '/git/repo-mobile', '/git/repo-backend', '/staging/api-v2', '/intranet/directory', '/portal/dashboard']",token,5400,500000,2025-07-01
SVC-0155,service_account,service,Automated Services,"San Francisco, US",,0,23,"[0, 1, 2, 3, 4, 5, 6]",['fp-56673771'],"['/docs/shared', '/docs/templates', '/docs/team-wiki']",token,30,5000,2025-04-15
DEV-0192,edge_device,device,IoT Operations,"Mumbai, IN",,0,23,"[0, 1, 2, 3, 4, 5, 6]",['fp-6856f29c'],"['/infra/vpn-gateway', '/infra/certificate-manager']",certificate,15,2000,2025-04-13
USR-0082,user,developer,Engineering,"San Francisco, US","Mumbai, IN",8,22,"[0, 1, 2, 3, 4, 5]","['fp-b37636ab', 'fp-7a3f1b5b']","['/ci/pipeline-build', '/git/repo-infra', '/staging/api-v2', '/git/repo-frontend', '/ci/pipeline-test', '/git/repo-ml-pipeline', '/intranet/directory', '/docs/team-wiki']",token,5400,500000,2025-04-06
DEV-0198,edge_device,device,IoT Operations,"Frankfurt, DE",,0,23,"[0, 1, 2, 3, 4, 5, 6]",['fp-7b9e5df1'],"['/infra/server-monitoring', '/infra/dns-config']",certificate,15,2000,2025-07-14
DEV-0182,edge_device,device,IoT Operations,"Frankfurt, DE",,0,23,"[0, 1, 2, 3, 4, 5, 6]",['fp-c9e0c801'],"['/infra/ad-config', '/infra/k8s-cluster']",certificate,15,2000,2025-11-01
SVC-0154,service_account,service,Automated Services,"Mumbai, IN",,0,23,"[0, 1, 2, 3, 4, 5, 6]",['fp-bb651993'],"['/infra/vpn-gateway', '/infra/server-monitoring', '/docs/shared']",token,30,5000,2025-02-02
USR-0078,user,developer,Engineering,"Singapore, SG","Delhi, IN",8,22,"[0, 1, 2, 3, 4, 5]","['fp-b52a9dba', 'fp-0e890b52']","['/ci/pipeline-deploy', '/git/repo-infra', '/git/repo-backend', '/staging/api-v2', '/git/repo-mobile', '/git/repo-ml-pipeline', '/intranet/directory', '/docs/templates']",token,5400,500000,2025-03-08
SVC-0164,service_account,service,Automated Services,"Singapore, SG",,0,23,"[0, 1, 2, 3, 4, 5, 6]",['fp-47d7a329'],"['/intranet/directory', '/docs/team-wiki', '/portal/announcements']",token,30,5000,2025-06-21
SVC-0178,service_account,service,Automated Services,"San Francisco, US",,0,23,"[0, 1, 2, 3, 4, 5, 6]",['fp-9b2a2ee1'],"['/infra/dns-config', '/docs/templates', '/infra/certificate-manager']",token,30,5000,2025-09-15
DEV-0194,edge_device,device,IoT Operations,"Mumbai, IN",,0,23,"[0, 1, 2, 3, 4, 5, 6]",['fp-13b51a91'],"['/infra/certificate-manager', '/infra/ad-config']",certificate,15,2000,2025-07-23
USR-0107,user,hr,Human Resources,"Hyderabad, IN",,9,17,"[0, 1, 2, 3, 4]",['fp-25f132e2'],"['/hr/employee-records', '/hr/performance-reviews', '/hr/onboarding', '/hr/leave-management', '/mail/attachments', '/mail/calendar']",sso,2400,50000,2025-07-08
USR-0007,user,employee,Operations,"Sydney, AU",,9,18,"[0, 1, 2, 3, 4]",['fp-3cb54344'],"['/mail/attachments', '/mail/inbox', '/mail/sent', '/portal/dashboard', '/portal/announcements', '/intranet/policies', '/docs/templates']",sso,3600,25000,2025-11-27
USR-0069,user,developer,Engineering,"Delhi, IN","Pune, IN",8,22,"[0, 1, 2, 3, 4, 5]","['fp-927dfa02', 'fp-d7e41497']","['/staging/api-v2', '/ci/pipeline-build', '/git/repo-backend', '/ci/pipeline-deploy', '/git/repo-infra', '/git/repo-mobile', '/docs/team-wiki', '/portal/dashboard']",token,5400,500000,2025-01-18
USR-0033,user,employee,Operations,"Singapore, SG",,9,18,"[0, 1, 2, 3, 4]","['fp-ac9e9b23', 'fp-1abca3c4']","['/mail/calendar', '/mail/inbox', '/mail/sent', '/docs/team-wiki', '/intranet/directory', '/docs/shared', '/portal/announcements']",sso,3600,25000,2025-07-29
USR-0131,user,admin,IT Infrastructure,"Kolkata, IN","Singapore, SG",0,23,"[0, 1, 2, 3, 4, 5, 6]","['fp-63a3eaa1', 'fp-d3f40382', 'fp-99087005', 'fp-b4f95264']","['/infra/dns-config', '/infra/docker-registry', '/infra/k8s-cluster', '/infra/backup-config', '/infra/load-balancer', '/infra/server-monitoring', '/admin/user-management', '/admin/security-policies', '/admin/license-management', '/admin/system-settings']",certificate,1800,500000,2025-02-15
USR-0130,user,finance,Finance,"San Francisco, US",,9,18,"[0, 1, 2, 3, 4]",['fp-a78c217b'],"['/finance/erp-dashboard', '/finance/budget-planning', '/finance/audit-logs', '/finance/tax-reports', '/finance/invoices', '/mail/inbox', '/mail/calendar']",password,3000,200000,2026-03-21
SVC-0160,service_account,service,Automated Services,"Mumbai, IN",,0,23,"[0, 1, 2, 3, 4, 5, 6]",['fp-aa25bf8d'],"['/infra/ad-config', '/infra/load-balancer', '/infra/firewall-rules']",token,30,5000,2025-01-06
USR-0016,user,employee,Operations,"Pune, IN",,9,18,"[0, 1, 2, 3, 4]",['fp-f6ecc83d'],"['/mail/calendar', '/mail/sent', '/mail/compose', '/portal/announcements', '/docs/shared', '/intranet/policies', '/intranet/directory']",sso,3600,25000,2025-02-07
USR-0134,user,admin,IT Infrastructure,"New York, US","Ahmedabad, IN",0,23,"[0, 1, 2, 3, 4, 5, 6]","['fp-6b681e0b', 'fp-eda405ac', 'fp-39d1e097']","['/infra/firewall-rules', '/infra/server-monitoring', '/infra/k8s-cluster', '/infra/vpn-gateway', '/infra/certificate-manager', '/infra/ad-config', '/admin/access-control', '/admin/security-policies', '/admin/license-management', '/admin/audit-trail']",certificate,1800,500000,2025-09-22
DEV-0187,edge_device,device,IoT Operations,"Mumbai, IN",,0,23,"[0, 1, 2, 3, 4, 5, 6]",['fp-299b19b9'],"['/infra/server-monitoring', '/infra/k8s-cluster']",certificate,15,2000,2025-01-25
DEV-0183,edge_device,device,IoT Operations,"Bangalore, IN",,0,23,"[0, 1, 2, 3, 4, 5, 6]",['fp-b9d8d994'],"['/infra/dns-config', '/infra/k8s-cluster']",certificate,15,2000,2025-02-13
USR-0109,user,hr,Human Resources,"Sydney, AU",,9,17,"[0, 1, 2, 3, 4]",['fp-60c9bcf0'],"['/hr/performance-reviews', '/hr/recruitment-portal', '/hr/employee-records', '/hr/onboarding', '/mail/compose', '/mail/attachments']",sso,2400,50000,2025-02-27
USR-0028,user,employee,Operations,"Mumbai, IN",,9,18,"[0, 1, 2, 3, 4]",['fp-7731841b'],"['/mail/calendar', '/mail/sent', '/mail/inbox', '/portal/dashboard', '/docs/team-wiki', '/intranet/policies', '/docs/templates']",sso,3600,25000,2025-04-20
USR-0122,user,finance,Finance,"Sydney, AU",,9,18,"[0, 1, 2, 3, 4]",['fp-1606731a'],"['/api/payroll/export', '/finance/tax-reports', '/finance/invoices', '/finance/payroll-export', '/api/finance/quarterly-report', '/mail/sent', '/mail/attachments']",password,3000,200000,2026-03-12
USR-0127,user,finance,Finance,"Ahmedabad, IN",,9,18,"[0, 1, 2, 3, 4]","['fp-c0679482', 'fp-5ff41179']","['/api/finance/quarterly-report', '/finance/budget-planning', '/finance/audit-logs', '/finance/payroll-export', '/api/payroll/export', '/mail/attachments', '/mail/calendar']",password,3000,200000,2025-06-05
USR-0030,user,employee,Operations,"London, GB",,9,18,"[0, 1, 2, 3, 4]","['fp-01953830', 'fp-fc82c0cd']","['/mail/compose', '/mail/attachments', '/mail/sent', '/docs/shared', '/docs/team-wiki', '/portal/dashboard', '/portal/announcements']",sso,3600,25000,2025-02-06
USR-0003,user,employee,Operations,"Hyderabad, IN",,9,18,"[0, 1, 2, 3, 4]",['fp-c6077434'],"['/mail/inbox', '/mail/attachments', '/mail/compose', '/docs/shared', '/portal/dashboard', '/intranet/policies', '/docs/templates']",sso,3600,25000,2025-01-20
USR-0135,user,admin,IT Infrastructure,"London, GB","Chennai, IN",0,23,"[0, 1, 2, 3, 4, 5, 6]","['fp-c6e15ea8', 'fp-3ab8b503', 'fp-b4b7f653']","['/infra/vpn-gateway', '/infra/docker-registry', '/infra/dns-config', '/infra/ad-config', '/infra/load-balancer', '/infra/firewall-rules', '/admin/system-settings', '/admin/audit-trail', '/admin/license-management', '/admin/access-control']",certificate,1800,500000,2025-04-26
SVC-0152,service_account,service,Automated Services,"Bangalore, IN",,0,23,"[0, 1, 2, 3, 4, 5, 6]",['fp-95aa8d29'],"['/infra/docker-registry', '/docs/team-wiki', '/docs/shared']",token,30,5000,2025-12-02
USR-0025,user,employee,Operations,"New York, US",,9,18,"[0, 1, 2, 3, 4]",['fp-4b00c91b'],"['/mail/sent', '/mail/attachments', '/mail/compose', '/portal/dashboard', '/intranet/directory', '/docs/team-wiki', '/docs/templates']",sso,3600,25000,2025-12-02
USR-0097,user,hr,Human Resources,"Dubai, AE",,9,17,"[0, 1, 2, 3, 4]",['fp-9d806cee'],"['/hr/performance-reviews', '/hr/recruitment-portal', '/hr/onboarding', '/hr/leave-management', '/mail/calendar', '/mail/compose']",sso,2400,50000,2025-03-19
SVC-0156,service_account,service,Automated Services,"Frankfurt, DE",,0,23,"[0, 1, 2, 3, 4, 5, 6]",['fp-64e4413a'],"['/infra/vpn-gateway', '/infra/backup-config', '/infra/docker-registry']",token,30,5000,2025-05-08
USR-0063,user,developer,Engineering,"Delhi, IN","Tokyo, JP",8,22,"[0, 1, 2, 3, 4, 5]","['fp-2b4732b2', 'fp-cdbc0f4a']","['/git/repo-ml-pipeline', '/git/repo-backend', '/ci/pipeline-test', '/git/repo-frontend', '/ci/pipeline-build', '/staging/api-v2', '/intranet/directory', '/intranet/policies']",token,5400,500000,2025-11-22
SVC-0165,service_account,service,Automated Services,"Singapore, SG",,0,23,"[0, 1, 2, 3, 4, 5, 6]",['fp-fe0a42d1'],"['/infra/ad-config', '/infra/dns-config', '/docs/templates']",token,30,5000,2025-06-02
USR-0018,user,employee,Operations,"Bangalore, IN",,9,18,"[0, 1, 2, 3, 4]",['fp-09705c88'],"['/mail/compose', '/mail/inbox', '/mail/calendar', '/intranet/policies', '/portal/announcements', '/docs/templates', '/docs/shared']",sso,3600,25000,2025-09-25
SVC-0166,service_account,service,Automated Services,"San Francisco, US",,0,23,"[0, 1, 2, 3, 4, 5, 6]",['fp-f39ac920'],"['/infra/dns-config', '/infra/docker-registry', '/infra/certificate-manager']",token,30,5000,2025-09-05
USR-0056,user,employee,Operations,"Ahmedabad, IN",,9,18,"[0, 1, 2, 3, 4]",['fp-b8002d18'],"['/mail/attachments', '/mail/sent', '/mail/calendar', '/portal/announcements', '/docs/team-wiki', '/intranet/directory', '/portal/dashboard']",sso,3600,25000,2025-04-11
DEV-0181,edge_device,device,IoT Operations,"Bangalore, IN",,0,23,"[0, 1, 2, 3, 4, 5, 6]",['fp-b6b85c4b'],"['/infra/server-monitoring', '/infra/docker-registry']",certificate,15,2000,2025-07-18
USR-0068,user,developer,Engineering,"Chennai, IN","Dubai, AE",8,22,"[0, 1, 2, 3, 4, 5]","['fp-fd4a9728', 'fp-691d72c7']","['/staging/api-v2', '/staging/api-v3', '/ci/pipeline-build', '/ci/pipeline-test', '/git/repo-frontend', '/git/repo-ml-pipeline', '/docs/templates', '/intranet/directory']",token,5400,500000,2025-04-30
SVC-0172,service_account,service,Automated Services,"Singapore, SG",,0,23,"[0, 1, 2, 3, 4, 5, 6]",['fp-b679426c'],"['/infra/vpn-gateway', '/intranet/directory', '/infra/load-balancer']",token,30,5000,2025-10-24
DEV-0190,edge_device,device,IoT Operations,"Frankfurt, DE",,0,23,"[0, 1, 2, 3, 4, 5, 6]",['fp-cd776f52'],"['/infra/backup-config', '/infra/server-monitoring']",certificate,15,2000,2025-01-06
USR-0094,user,developer,Engineering,"Pune, IN","London, GB",8,22,"[0, 1, 2, 3, 4, 5]","['fp-87800306', 'fp-5350366f']","['/git/repo-infra', '/ci/pipeline-build', '/git/repo-backend', '/staging/api-v3', '/ci/pipeline-test', '/git/repo-ml-pipeline', '/docs/shared', '/docs/templates']",token,5400,500000,2025-09-21
USR-0059,user,employee,Operations,"New York, US",,9,18,"[0, 1, 2, 3, 4]",['fp-94d98dcb'],"['/mail/sent', '/mail/inbox', '/mail/compose', '/intranet/directory', '/docs/shared', '/docs/templates', '/portal/dashboard']",sso,3600,25000,2025-05-30
USR-0038,user,employee,Operations,"Singapore, SG",,9,18,"[0, 1, 2, 3, 4]","['fp-d8d5a565', 'fp-62e3818d']","['/mail/attachments', '/mail/calendar', '/mail/compose', '/intranet/policies', '/docs/team-wiki', '/portal/dashboard', '/portal/announcements']",sso,3600,25000,2025-11-24
SVC-0169,service_account,service,Automated Services,"San Francisco, US",,0,23,"[0, 1, 2, 3, 4, 5, 6]",['fp-1c045fdd'],"['/infra/firewall-rules', '/infra/server-monitoring', '/infra/certificate-manager']",token,30,5000,2025-03-08
USR-0006,user,employee,Operations,"Tokyo, JP",,9,18,"[0, 1, 2, 3, 4]",['fp-fe9eb748'],"['/mail/calendar', '/mail/compose', '/mail/attachments', '/portal/announcements', '/portal/dashboard', '/intranet/policies', '/intranet/directory']",sso,3600,25000,2025-09-23
SVC-0171,service_account,service,Automated Services,"Frankfurt, DE",,0,23,"[0, 1, 2, 3, 4, 5, 6]",['fp-22a364a2'],"['/infra/certificate-manager', '/infra/server-monitoring', '/infra/load-balancer']",token,30,5000,2025-02-12
USR-0009,user,employee,Operations,"Mumbai, IN",,9,18,"[0, 1, 2, 3, 4]","['fp-4b1ed000', 'fp-41aa5982']","['/mail/sent', '/mail/calendar', '/mail/compose', '/portal/dashboard', '/portal/announcements', '/docs/team-wiki', '/docs/templates']",sso,3600,25000,2025-01-26
USR-0022,user,employee,Operations,"San Francisco, US",,9,18,"[0, 1, 2, 3, 4]","['fp-cf76b7d6', 'fp-f800bcaa']","['/mail/sent', '/mail/attachments', '/mail/calendar', '/docs/templates', '/docs/team-wiki', '/intranet/directory', '/docs/shared']",sso,3600,25000,2025-05-12
USR-0139,user,admin,IT Infrastructure,"Singapore, SG","London, GB",0,23,"[0, 1, 2, 3, 4, 5, 6]","['fp-c846bea0', 'fp-85fc6f32', 'fp-0e834bac', 'fp-2d9738eb']","['/infra/vpn-gateway', '/infra/docker-registry', '/infra/dns-config', '/infra/load-balancer', '/infra/backup-config', '/infra/certificate-manager', '/admin/security-policies', '/admin/audit-trail', '/admin/system-settings', '/admin/license-management']",certificate,1800,500000,2025-10-05
DEV-0188,edge_device,device,IoT Operations,"Bangalore, IN",,0,23,"[0, 1, 2, 3, 4, 5, 6]",['fp-6bc93e14'],"['/infra/certificate-manager', '/infra/k8s-cluster']",certificate,15,2000,2025-06-16
USR-0065,user,developer,Engineering,"Mumbai, IN","Hyderabad, IN",8,22,"[0, 1, 2, 3, 4, 5]","['fp-bf7e5f87', 'fp-1275709a']","['/git/repo-backend', '/ci/pipeline-test', '/staging/api-v2', '/ci/pipeline-deploy', '/git/repo-infra', '/git/repo-mobile', '/portal/announcements', '/docs/shared']",token,5400,500000,2025-08-11
SVC-0177,service_account,service,Automated Services,"San Francisco, US",,0,23,"[0, 1, 2, 3, 4, 5, 6]",['fp-a3f42660'],"['/infra/dns-config', '/infra/vpn-gateway', '/infra/backup-config']",token,30,5000,2025-05-07
SVC-0170,service_account,service,Automated Services,"Frankfurt, DE",,0,23,"[0, 1, 2, 3, 4, 5, 6]",['fp-79fd54c0'],"['/docs/shared', '/infra/server-monitoring', '/infra/load-balancer']",token,30,5000,2025-03-28
USR-0017,user,employee,Operations,"Singapore, SG",,9,18,"[0, 1, 2, 3, 4]","['fp-139a5a82', 'fp-39b47939']","['/mail/attachments', '/mail/inbox', '/mail/calendar', '/portal/announcements', '/docs/team-wiki', '/intranet/policies', '/docs/templates']",sso,3600,25000,2025-06-07
USR-0040,user,employee,Operations,"London, GB",,9,18,"[0, 1, 2, 3, 4]","['fp-cf0e1e94', 'fp-8932eb9f']","['/mail/calendar', '/mail/compose', '/mail/inbox', '/intranet/policies', '/docs/team-wiki', '/docs/templates', '/intranet/directory']",sso,3600,25000,2025-07-01
USR-0045,user,employee,Operations,"Bangalore, IN",,9,18,"[0, 1, 2, 3, 4]",['fp-11c52593'],"['/mail/sent', '/mail/compose', '/mail/inbox', '/docs/shared', '/intranet/policies', '/docs/team-wiki', '/docs/templates']",sso,3600,25000,2025-02-14
USR-0113,user,finance,Finance,"Hyderabad, IN",,9,18,"[0, 1, 2, 3, 4]",['fp-130ce62d'],"['/finance/budget-planning', '/finance/audit-logs', '/finance/erp-dashboard', '/finance/payroll-export', '/api/finance/quarterly-report', '/mail/calendar', '/mail/sent']",password,3000,200000,2025-09-25
USR-0089,user,developer,Engineering,"Dubai, AE","Kolkata, IN",8,22,"[0, 1, 2, 3, 4, 5]","['fp-1d345fc4', 'fp-6ffed76c']","['/ci/pipeline-test', '/git/repo-ml-pipeline', '/git/repo-mobile', '/ci/pipeline-build', '/staging/api-v2', '/git/repo-backend', '/docs/shared', '/docs/team-wiki']",token,5400,500000,2025-04-15
USR-0029,user,employee,Operations,"San Francisco, US",,9,18,"[0, 1, 2, 3, 4]",['fp-d541ce9f'],"['/mail/compose', '/mail/attachments', '/mail/calendar', '/docs/team-wiki', '/docs/templates', '/portal/dashboard', '/docs/shared']",sso,3600,25000,2025-08-04
USR-0064,user,developer,Engineering,"Delhi, IN","San Francisco, US",8,22,"[0, 1, 2, 3, 4, 5]","['fp-1034b654', 'fp-997d6cc7']","['/staging/api-v3', '/git/repo-frontend', '/git/repo-mobile', '/ci/pipeline-deploy', '/git/repo-backend', '/ci/pipeline-build', '/portal/announcements', '/docs/templates']",token,5400,500000,2025-10-07
USR-0137,user,admin,IT Infrastructure,"Tokyo, JP","Delhi, IN",0,23,"[0, 1, 2, 3, 4, 5, 6]","['fp-fdcfa0da', 'fp-db7dfa7d', 'fp-2d8c7af3']","['/infra/k8s-cluster', '/infra/dns-config', '/infra/firewall-rules', '/infra/docker-registry', '/infra/load-balancer', '/infra/ad-config', '/admin/security-policies', '/admin/license-management', '/admin/access-control', '/admin/system-settings']",certificate,1800,500000,2026-03-27
USR-0005,user,employee,Operations,"London, GB",,9,18,"[0, 1, 2, 3, 4]","['fp-33ebab1a', 'fp-52b8f241']","['/mail/compose', '/mail/attachments', '/mail/sent', '/docs/shared', '/docs/team-wiki', '/portal/announcements', '/docs/templates']",sso,3600,25000,2025-03-22
USR-0049,user,employee,Operations,"Tokyo, JP",,9,18,"[0, 1, 2, 3, 4]",['fp-3fbf8d2b'],"['/mail/calendar', '/mail/attachments', '/mail/compose', '/portal/dashboard', '/docs/shared', '/docs/team-wiki', '/docs/templates']",sso,3600,25000,2026-03-07
USR-0083,user,developer,Engineering,"Frankfurt, DE","New York, US",8,22,"[0, 1, 2, 3, 4, 5]","['fp-c19f0cf5', 'fp-fb3af7c2']","['/git/repo-frontend', '/git/repo-ml-pipeline', '/ci/pipeline-deploy', '/ci/pipeline-build', '/git/repo-mobile', '/staging/api-v2', '/docs/shared', '/intranet/policies']",token,5400,500000,2025-03-22
USR-0004,user,employee,Operations,"Dubai, AE",,9,18,"[0, 1, 2, 3, 4]",['fp-701f203f'],"['/mail/sent', '/mail/inbox', '/mail/calendar', '/docs/templates', '/portal/dashboard', '/intranet/policies', '/docs/team-wiki']",sso,3600,25000,2025-08-17
DEV-0195,edge_device,device,IoT Operations,"Frankfurt, DE",,0,23,"[0, 1, 2, 3, 4, 5, 6]",['fp-de8b3aaf'],"['/infra/load-balancer', '/infra/vpn-gateway']",certificate,15,2000,2025-08-19
SVC-0167,service_account,service,Automated Services,"Bangalore, IN",,0,23,"[0, 1, 2, 3, 4, 5, 6]",['fp-84a00a62'],"['/infra/server-monitoring', '/infra/k8s-cluster', '/portal/dashboard']",token,30,5000,2025-06-27
USR-0010,user,employee,Operations,"San Francisco, US",,9,18,"[0, 1, 2, 3, 4]",['fp-7d030924'],"['/mail/calendar', '/mail/attachments', '/mail/inbox', '/docs/team-wiki', '/intranet/policies', '/docs/shared', '/docs/templates']",sso,3600,25000,2025-02-22
SVC-0153,service_account,service,Automated Services,"Singapore, SG",,0,23,"[0, 1, 2, 3, 4, 5, 6]",['fp-4c571d30'],"['/portal/dashboard', '/intranet/directory', '/infra/firewall-rules']",token,30,5000,2025-07-12
USR-0099,user,hr,Human Resources,"Delhi, IN",,9,17,"[0, 1, 2, 3, 4]",['fp-2eb307d7'],"['/hr/performance-reviews', '/hr/recruitment-portal', '/hr/onboarding', '/hr/leave-management', '/mail/calendar', '/mail/compose']",sso,2400,50000,2025-01-21
USR-0123,user,finance,Finance,"New York, US",,9,18,"[0, 1, 2, 3, 4]",['fp-dc9e591a'],"['/finance/payroll-export', '/finance/tax-reports', '/finance/invoices', '/api/finance/quarterly-report', '/finance/audit-logs', '/mail/compose', '/mail/inbox']",password,3000,200000,2025-05-27
USR-0142,user,admin,IT Infrastructure,"Hyderabad, IN","Tokyo, JP",0,23,"[0, 1, 2, 3, 4, 5, 6]","['fp-a71bb5be', 'fp-29d24d9f', 'fp-45f69205']","['/infra/vpn-gateway', '/infra/firewall-rules', '/infra/backup-config', '/infra/server-monitoring', '/infra/load-balancer', '/infra/k8s-cluster', '/admin/security-policies', '/admin/access-control', '/admin/audit-trail', '/admin/system-settings']",certificate,1800,500000,2025-02-12
USR-0104,user,hr,Human Resources,"Ahmedabad, IN",,9,17,"[0, 1, 2, 3, 4]",['fp-a727ee3a'],"['/hr/recruitment-portal', '/hr/onboarding', '/hr/leave-management', '/hr/performance-reviews', '/mail/attachments', '/mail/compose']",sso,2400,50000,2025-07-15
USR-0110,user,hr,Human Resources,"Sydney, AU",,9,17,"[0, 1, 2, 3, 4]",['fp-3665bd59'],"['/hr/payroll-view', '/hr/onboarding', '/hr/leave-management', '/hr/recruitment-portal', '/mail/compose', '/mail/sent']",sso,2400,50000,2025-06-13
USR-0112,user,finance,Finance,"Mumbai, IN",,9,18,"[0, 1, 2, 3, 4]",['fp-03178758'],"['/finance/audit-logs', '/finance/payroll-export', '/finance/budget-planning', '/api/finance/quarterly-report', '/finance/erp-dashboard', '/mail/compose', '/mail/calendar']",password,3000,200000,2025-11-01
USR-0034,user,employee,Operations,"Kolkata, IN",,9,18,"[0, 1, 2, 3, 4]",['fp-f3862b84'],"['/mail/calendar', '/mail/sent', '/mail/attachments', '/intranet/directory', '/docs/templates', '/intranet/policies', '/docs/team-wiki']",sso,3600,25000,2025-10-05
DEV-0199,edge_device,device,IoT Operations,"Frankfurt, DE",,0,23,"[0, 1, 2, 3, 4, 5, 6]",['fp-5746822f'],"['/infra/load-balancer', '/infra/ad-config']",certificate,15,2000,2025-01-29
USR-0126,user,finance,Finance,"Tokyo, JP",,9,18,"[0, 1, 2, 3, 4]",['fp-d2ae1a57'],"['/api/finance/quarterly-report', '/finance/tax-reports', '/finance/erp-dashboard', '/api/payroll/export', '/finance/payroll-export', '/mail/sent', '/mail/compose']",password,3000,200000,2025-11-09
USR-0041,user,employee,Operations,"Mumbai, IN",,9,18,"[0, 1, 2, 3, 4]",['fp-8bee975e'],"['/mail/sent', '/mail/attachments', '/mail/inbox', '/intranet/policies', '/docs/shared', '/portal/announcements', '/docs/templates']",sso,3600,25000,2025-04-21
USR-0148,user,admin,IT Infrastructure,"Kolkata, IN","Mumbai, IN",0,23,"[0, 1, 2, 3, 4, 5, 6]","['fp-d8f16939', 'fp-f1e965b4', 'fp-32c7165e']","['/infra/k8s-cluster', '/infra/dns-config', '/infra/server-monitoring', '/infra/backup-config', '/infra/vpn-gateway', '/infra/ad-config', '/admin/user-management', '/admin/access-control', '/admin/license-management', '/admin/security-policies']",certificate,1800,500000,2025-01-23
USR-0044,user,employee,Operations,"Hyderabad, IN",,9,18,"[0, 1, 2, 3, 4]","['fp-5383fd19', 'fp-e6f57640']","['/mail/calendar', '/mail/attachments', '/mail/sent', '/docs/shared', '/docs/team-wiki', '/docs/templates', '/portal/announcements']",sso,3600,25000,2026-03-25
USR-0054,user,employee,Operations,"Chennai, IN",,9,18,"[0, 1, 2, 3, 4]",['fp-28abb3d6'],"['/mail/compose', '/mail/attachments', '/mail/sent', '/intranet/directory', '/intranet/policies', '/portal/dashboard', '/docs/shared']",sso,3600,25000,2025-08-04
USR-0071,user,developer,Engineering,"San Francisco, US","Ahmedabad, IN",8,22,"[0, 1, 2, 3, 4, 5]","['fp-cf9cce8f', 'fp-45f09255']","['/git/repo-frontend', '/git/repo-backend', '/git/repo-mobile', '/git/repo-ml-pipeline', '/ci/pipeline-build', '/ci/pipeline-deploy', '/portal/dashboard', '/portal/announcements']",token,5400,500000,2025-07-16
USR-0116,user,finance,Finance,"Sydney, AU",,9,18,"[0, 1, 2, 3, 4]","['fp-bc8da3f9', 'fp-fcdbb6ff']","['/finance/erp-dashboard', '/finance/tax-reports', '/finance/payroll-export', '/api/finance/quarterly-report', '/finance/invoices', '/mail/calendar', '/mail/inbox']",password,3000,200000,2025-06-09
USR-0002,user,employee,Operations,"Mumbai, IN",,9,18,"[0, 1, 2, 3, 4]",['fp-a3e2d56e'],"['/mail/inbox', '/mail/sent', '/mail/compose', '/portal/dashboard', '/docs/templates', '/intranet/directory', '/docs/team-wiki']",sso,3600,25000,2025-06-13
USR-0015,user,employee,Operations,"New York, US",,9,18,"[0, 1, 2, 3, 4]","['fp-9003f89c', 'fp-524eda56']","['/mail/calendar', '/mail/attachments', '/mail/compose', '/intranet/policies', '/portal/announcements', '/docs/team-wiki', '/docs/shared']",sso,3600,25000,2025-10-22
SVC-0161,service_account,service,Automated Services,"Singapore, SG",,0,23,"[0, 1, 2, 3, 4, 5, 6]",['fp-26647780'],"['/infra/dns-config', '/infra/backup-config', '/portal/announcements']",token,30,5000,2025-05-14
USR-0046,user,employee,Operations,"New York, US",,9,18,"[0, 1, 2, 3, 4]",['fp-233aff5c'],"['/mail/calendar', '/mail/attachments', '/mail/sent', '/docs/shared', '/portal/announcements', '/intranet/policies', '/portal/dashboard']",sso,3600,25000,2025-01-27
USR-0086,user,developer,Engineering,"Delhi, IN","Kolkata, IN",8,22,"[0, 1, 2, 3, 4, 5]","['fp-c92ea805', 'fp-757e1b2e', 'fp-8ae2e879']","['/ci/pipeline-build', '/git/repo-infra', '/ci/pipeline-test', '/staging/api-v3', '/git/repo-ml-pipeline', '/staging/api-v2', '/intranet/policies', '/portal/announcements']",token,5400,500000,2025-10-21
USR-0125,user,finance,Finance,"New York, US",,9,18,"[0, 1, 2, 3, 4]",['fp-a24d17a2'],"['/api/finance/quarterly-report', '/finance/invoices', '/finance/audit-logs', '/finance/budget-planning', '/api/payroll/export', '/mail/attachments', '/mail/sent']",password,3000,200000,2025-07-11
USR-0021,user,employee,Operations,"Delhi, IN",,9,18,"[0, 1, 2, 3, 4]","['fp-fa8ed5a9', 'fp-2b99f5c8']","['/mail/compose', '/mail/attachments', '/mail/calendar', '/intranet/directory', '/docs/team-wiki', '/intranet/policies', '/portal/announcements']",sso,3600,25000,2025-09-03
USR-0047,user,employee,Operations,"London, GB",,9,18,"[0, 1, 2, 3, 4]",['fp-8689fa23'],"['/mail/sent', '/mail/attachments', '/mail/compose', '/intranet/directory', '/portal/dashboard', '/docs/templates', '/docs/team-wiki']",sso,3600,25000,2025-04-23
USR-0081,user,developer,Engineering,"Kolkata, IN","San Francisco, US",8,22,"[0, 1, 2, 3, 4, 5]","['fp-3a2c80eb', 'fp-edd9ff70']","['/git/repo-mobile', '/ci/pipeline-test', '/git/repo-infra', '/ci/pipeline-deploy', '/git/repo-ml-pipeline', '/git/repo-frontend', '/docs/team-wiki', '/portal/dashboard']",token,5400,500000,2025-11-19
USR-0037,user,employee,Operations,"Sydney, AU",,9,18,"[0, 1, 2, 3, 4]",['fp-95579841'],"['/mail/inbox', '/mail/compose', '/mail/sent', '/docs/team-wiki', '/portal/dashboard', '/portal/announcements', '/intranet/directory']",sso,3600,25000,2025-03-24
USR-0118,user,finance,Finance,"Hyderabad, IN",,9,18,"[0, 1, 2, 3, 4]",['fp-85bbda36'],"['/finance/erp-dashboard', '/finance/payroll-export', '/finance/tax-reports', '/finance/budget-planning', '/finance/audit-logs', '/mail/calendar', '/mail/attachments']",password,3000,200000,2025-07-29
USR-0146,user,admin,IT Infrastructure,"Hyderabad, IN","Delhi, IN",0,23,"[0, 1, 2, 3, 4, 5, 6]","['fp-c3ea9b44', 'fp-31b3982e', 'fp-05fb25e5']","['/infra/docker-registry', '/infra/vpn-gateway', '/infra/dns-config', '/infra/firewall-rules', '/infra/certificate-manager', '/infra/k8s-cluster', '/admin/security-policies', '/admin/system-settings', '/admin/audit-trail', '/admin/access-control']",certificate,1800,500000,2025-09-22
USR-0105,user,hr,Human Resources,"New York, US",,9,17,"[0, 1, 2, 3, 4]",['fp-da2b8d09'],"['/hr/payroll-view', '/hr/employee-records', '/hr/recruitment-portal', '/hr/leave-management', '/mail/inbox', '/mail/compose']",sso,2400,50000,2025-01-01
USR-0088,user,developer,Engineering,"London, GB","Dubai, AE",8,22,"[0, 1, 2, 3, 4, 5]","['fp-7bf3890f', 'fp-424de785', 'fp-a601abd2']","['/staging/api-v3', '/git/repo-infra', '/ci/pipeline-test', '/staging/api-v2', '/ci/pipeline-deploy', '/git/repo-ml-pipeline', '/intranet/policies', '/docs/shared']",token,5400,500000,2026-03-19
USR-0052,user,employee,Operations,"Sydney, AU",,9,18,"[0, 1, 2, 3, 4]",['fp-7ed9bf97'],"['/mail/sent', '/mail/attachments', '/mail/inbox', '/intranet/policies', '/portal/dashboard', '/docs/shared', '/docs/templates']",sso,3600,25000,2025-05-21
USR-0036,user,employee,Operations,"Singapore, SG",,9,18,"[0, 1, 2, 3, 4]",['fp-bddd7295'],"['/mail/attachments', '/mail/sent', '/mail/calendar', '/docs/team-wiki', '/intranet/directory', '/portal/announcements', '/docs/templates']",sso,3600,25000,2025-03-02
USR-0039,user,employee,Operations,"Bangalore, IN",,9,18,"[0, 1, 2, 3, 4]",['fp-fb19c7d2'],"['/mail/compose', '/mail/attachments', '/mail/calendar', '/portal/announcements', '/docs/templates', '/portal/dashboard', '/intranet/directory']",sso,3600,25000,2025-04-14
DEV-0184,edge_device,device,IoT Operations,"Frankfurt, DE",,0,23,"[0, 1, 2, 3, 4, 5, 6]",['fp-c7c67973'],"['/infra/vpn-gateway', '/infra/certificate-manager']",certificate,15,2000,2025-10-23
USR-0106,user,hr,Human Resources,"London, GB",,9,17,"[0, 1, 2, 3, 4]",['fp-b6faabcd'],"['/hr/onboarding', '/hr/employee-records', '/hr/recruitment-portal', '/hr/performance-reviews', '/mail/inbox', '/mail/sent']",sso,2400,50000,2025-11-06
USR-0077,user,developer,Engineering,"Kolkata, IN","Pune, IN",8,22,"[0, 1, 2, 3, 4, 5]","['fp-bd4ff6d1', 'fp-f09c94c9', 'fp-3c2df541']","['/git/repo-mobile', '/ci/pipeline-deploy', '/staging/api-v2', '/ci/pipeline-test', '/git/repo-infra', '/staging/api-v3', '/docs/shared', '/intranet/directory']",token,5400,500000,2026-03-09
USR-0136,user,admin,IT Infrastructure,"Chennai, IN","Pune, IN",0,23,"[0, 1, 2, 3, 4, 5, 6]","['fp-c7670a9f', 'fp-5c9a6be8', 'fp-b01d26ac', 'fp-034f754c']","['/infra/docker-registry', '/infra/server-monitoring', '/infra/dns-config', '/infra/k8s-cluster', '/infra/vpn-gateway', '/infra/backup-config', '/admin/access-control', '/admin/audit-trail', '/admin/license-management', '/admin/system-settings']",certificate,1800,500000,2025-04-30
USR-0098,user,hr,Human Resources,"Frankfurt, DE",,9,17,"[0, 1, 2, 3, 4]",['fp-a1f88e95'],"['/hr/payroll-view', '/hr/recruitment-portal', '/hr/performance-reviews', '/hr/employee-records', '/mail/sent', '/mail/attachments']",sso,2400,50000,2025-11-09
DEV-0186,edge_device,device,IoT Operations,"Bangalore, IN",,0,23,"[0, 1, 2, 3, 4, 5, 6]",['fp-1f69764b'],"['/infra/k8s-cluster', '/infra/load-balancer']",certificate,15,2000,2025-02-07
USR-0129,user,finance,Finance,"Ahmedabad, IN",,9,18,"[0, 1, 2, 3, 4]",['fp-4a576b9d'],"['/finance/audit-logs', '/finance/erp-dashboard', '/finance/budget-planning', '/api/finance/quarterly-report', '/finance/tax-reports', '/mail/attachments', '/mail/inbox']",password,3000,200000,2025-02-23
USR-0050,user,employee,Operations,"Frankfurt, DE",,9,18,"[0, 1, 2, 3, 4]","['fp-1d4b59a0', 'fp-ad0169b6']","['/mail/attachments', '/mail/inbox', '/mail/compose', '/intranet/policies', '/docs/team-wiki', '/portal/dashboard', '/docs/templates']",sso,3600,25000,2025-07-16
DEV-0185,edge_device,device,IoT Operations,"Frankfurt, DE",,0,23,"[0, 1, 2, 3, 4, 5, 6]",['fp-b28fdb70'],"['/infra/dns-config', '/infra/certificate-manager']",certificate,15,2000,2025-02-23
USR-0019,user,employee,Operations,"London, GB",,9,18,"[0, 1, 2, 3, 4]",['fp-8de0d7e0'],"['/mail/compose', '/mail/sent', '/mail/calendar', '/intranet/directory', '/docs/templates', '/portal/announcements', '/portal/dashboard']",sso,3600,25000,2025-11-06
SVC-0159,service_account,service,Automated Services,"Frankfurt, DE",,0,23,"[0, 1, 2, 3, 4, 5, 6]",['fp-39fc4ade'],"['/portal/announcements', '/infra/vpn-gateway', '/docs/templates']",token,30,5000,2025-11-26
USR-0149,user,admin,IT Infrastructure,"Delhi, IN","Pune, IN",0,23,"[0, 1, 2, 3, 4, 5, 6]","['fp-02811ed6', 'fp-d7606aa7', 'fp-378f2b66', 'fp-bab5c606']","['/infra/docker-registry', '/infra/certificate-manager', '/infra/backup-config', '/infra/firewall-rules', '/infra/vpn-gateway', '/infra/server-monitoring', '/admin/access-control', '/admin/audit-trail', '/admin/license-management', '/admin/system-settings']",certificate,1800,500000,2025-02-12
DEV-0189,edge_device,device,IoT Operations,"Frankfurt, DE",,0,23,"[0, 1, 2, 3, 4, 5, 6]",['fp-4cf346fc'],"['/infra/firewall-rules', '/infra/backup-config']",certificate,15,2000,2025-03-26
SVC-0163,service_account,service,Automated Services,"San Francisco, US",,0,23,"[0, 1, 2, 3, 4, 5, 6]",['fp-87e32245'],"['/intranet/directory', '/infra/dns-config', '/intranet/policies']",token,30,5000,2025-09-23
USR-0014,user,employee,Operations,"Mumbai, IN",,9,18,"[0, 1, 2, 3, 4]",['fp-33b65929'],"['/mail/attachments', '/mail/inbox', '/mail/calendar', '/portal/dashboard', '/docs/shared', '/intranet/policies', '/docs/templates']",sso,3600,25000,2025-04-14
USR-0121,user,finance,Finance,"Singapore, SG",,9,18,"[0, 1, 2, 3, 4]",['fp-cad5ebb5'],"['/finance/tax-reports', '/api/finance/quarterly-report', '/finance/payroll-export', '/finance/audit-logs', '/finance/erp-dashboard', '/mail/calendar', '/mail/sent']",password,3000,200000,2025-04-28
USR-0031,user,employee,Operations,"Mumbai, IN",,9,18,"[0, 1, 2, 3, 4]",['fp-620a2584'],"['/mail/attachments', '/mail/sent', '/mail/calendar', '/docs/team-wiki', '/docs/templates', '/portal/dashboard', '/portal/announcements']",sso,3600,25000,2025-06-13
USR-0119,user,finance,Finance,"Frankfurt, DE",,9,18,"[0, 1, 2, 3, 4]",['fp-7db14cf9'],"['/finance/invoices', '/finance/erp-dashboard', '/finance/audit-logs', '/finance/tax-reports', '/api/payroll/export', '/mail/sent', '/mail/calendar']",password,3000,200000,2025-02-01
USR-0076,user,developer,Engineering,"New York, US","San Francisco, US",8,22,"[0, 1, 2, 3, 4, 5]","['fp-8c9412a9', 'fp-ddeb8d00']","['/git/repo-backend', '/staging/api-v3', '/ci/pipeline-deploy', '/git/repo-ml-pipeline', '/git/repo-mobile', '/ci/pipeline-build', '/intranet/policies', '/intranet/directory']",token,5400,500000,2025-04-16
USR-0150,user,admin,IT Infrastructure,"Hyderabad, IN","Chennai, IN",0,23,"[0, 1, 2, 3, 4, 5, 6]","['fp-d7c64b95', 'fp-c2b78d0e', 'fp-06ba467a', 'fp-9cbaa25e']","['/infra/ad-config', '/infra/firewall-rules', '/infra/load-balancer', '/infra/dns-config', '/infra/server-monitoring', '/infra/certificate-manager', '/admin/system-settings', '/admin/user-management', '/admin/license-management', '/admin/access-control']",certificate,1800,500000,2026-03-09
USR-0067,user,developer,Engineering,"Singapore, SG","Kolkata, IN",8,22,"[0, 1, 2, 3, 4, 5]","['fp-0e6aed62', 'fp-9f4de0d6']","['/ci/pipeline-test', '/ci/pipeline-deploy', '/staging/api-v2', '/ci/pipeline-build', '/git/repo-frontend', '/git/repo-infra', '/portal/dashboard', '/docs/templates']",token,5400,500000,2025-05-25
USR-0096,user,hr,Human Resources,"Kolkata, IN",,9,17,"[0, 1, 2, 3, 4]",['fp-5e2b1581'],"['/hr/performance-reviews', '/hr/leave-management', '/hr/payroll-view', '/hr/recruitment-portal', '/mail/inbox', '/mail/calendar']",sso,2400,50000,2025-07-20
USR-0085,user,developer,Engineering,"Sydney, AU","Mumbai, IN",8,22,"[0, 1, 2, 3, 4, 5]","['fp-b82329d0', 'fp-b07e3701', 'fp-cb4e7c25']","['/git/repo-infra', '/staging/api-v3', '/git/repo-backend', '/ci/pipeline-build', '/git/repo-ml-pipeline', '/git/repo-frontend', '/docs/templates', '/docs/team-wiki']",token,5400,500000,2025-08-22
USR-0108,user,hr,Human Resources,"Singapore, SG",,9,17,"[0, 1, 2, 3, 4]",['fp-e859415b'],"['/hr/recruitment-portal', '/hr/employee-records', '/hr/onboarding', '/hr/leave-management', '/mail/sent', '/mail/inbox']",sso,2400,50000,2025-05-13
USR-0079,user,developer,Engineering,"Bangalore, IN","Dubai, AE",8,22,"[0, 1, 2, 3, 4, 5]","['fp-99fe4d02', 'fp-7ebc8347', 'fp-095be084']","['/staging/api-v2', '/staging/api-v3', '/git/repo-frontend', '/ci/pipeline-build', '/git/repo-infra', '/git/repo-mobile', '/docs/team-wiki', '/portal/announcements']",token,5400,500000,2025-09-10
DEV-0191,edge_device,device,IoT Operations,"Mumbai, IN",,0,23,"[0, 1, 2, 3, 4, 5, 6]",['fp-38c01ca6'],"['/infra/ad-config', '/infra/backup-config']",certificate,15,2000,2025-09-12
USR-0058,user,employee,Operations,"Tokyo, JP",,9,18,"[0, 1, 2, 3, 4]",['fp-572c0462'],"['/mail/compose', '/mail/inbox', '/mail/calendar', '/portal/dashboard', '/docs/templates', '/docs/shared', '/portal/announcements']",sso,3600,25000,2025-03-23
USR-0091,user,developer,Engineering,"Dubai, AE","Ahmedabad, IN",8,22,"[0, 1, 2, 3, 4, 5]","['fp-98094e62', 'fp-96b6deae', 'fp-624ca92d']","['/ci/pipeline-build', '/git/repo-infra', '/staging/api-v2', '/ci/pipeline-deploy', '/git/repo-backend', '/git/repo-ml-pipeline', '/portal/announcements', '/docs/shared']",token,5400,500000,2025-03-12
USR-0057,user,employee,Operations,"London, GB",,9,18,"[0, 1, 2, 3, 4]",['fp-e236e9df'],"['/mail/compose', '/mail/calendar', '/mail/attachments', '/portal/dashboard', '/intranet/directory', '/docs/templates', '/intranet/policies']",sso,3600,25000,2026-03-08
USR-0023,user,employee,Operations,"Singapore, SG",,9,18,"[0, 1, 2, 3, 4]","['fp-a77c0ca4', 'fp-5393a2cb']","['/mail/calendar', '/mail/compose', '/mail/inbox', '/docs/shared', '/portal/announcements', '/portal/dashboard', '/docs/templates']",sso,3600,25000,2025-06-25
SVC-0168,service_account,service,Automated Services,"Bangalore, IN",,0,23,"[0, 1, 2, 3, 4, 5, 6]",['fp-a313531c'],"['/infra/docker-registry', '/infra/firewall-rules', '/infra/ad-config']",token,30,5000,2025-06-16
